id,restaurant_id,rate,favorite
b76570b1-77bb-4e77-9779-2731b5d8f99b,372cfe74-be8c-83b1-e390-54afa4f6cf71,5,false
d667b4bb-9f84-4984-a3e2-af30fa06a4e9,801fb867-74b1-1dac-3567-2fcf91ca9806,5,false
04de9b10-c1e3-4496-b36e-199fc49d9ace,ae756756-9b8a-2449-1b46-443761803d80,5,false
359467bd-a899-4b2b-87d6-53d2efd53eba,ea4910f5-5dc5-3aba-594e-beb509e8ed01,5,false
c3123564-d5dc-48e0-97c1-52ef5ea33eb6,e02222ac-33bd-1f30-41c6-2644ded35368,5,false
0d815f6a-5776-4c28-a622-eafb913626ef,f4807655-c5b7-c9fe-9143-737c8f433a93,5,false
8f026541-b011-48f9-b93d-2e85afe0f01b,04ae288c-93e2-b69c-7380-a89e3e4c552e,5,false
dfdf27f4-20e2-41a8-a748-a048c9d2ce50,6d038f76-4437-ba05-d70c-ebdbb8d372ac,5,false
de881649-c4de-4ef9-a909-d8b47a3a2bf4,d2fd9e88-adae-83f0-463f-4b1be8a943c3,5,false
0db665a1-7099-4a33-8ed0-2c6169daf0ce,7d75ca0b-57ba-904f-1eb6-f75225261546,5,false
cf79227d-2089-4632-b08e-eeb8df36c9d5,bb8f032f-ccd0-33f2-938a-ae38e064d8fb,5,false
33147de8-f63c-49cc-9c55-657d70f530ed,5ad150eb-b067-57db-cbb2-816fdc81097f,5,false
be7e8693-7406-4504-8ecd-0937f2c6a9fe,cbc0e5aa-7bd7-dafc-4536-677f63e8101b,5,false
340835f7-5cc1-4100-9c54-9086cee1a3c6,4fed0583-d6da-0c2d-0c88-d8501e44fab9,5,false
cd723fd3-d34e-4456-9468-5ab5e73998b5,1e8baeff-3c7f-de90-1f64-08403ed1f65e,5,false
0e53478d-3470-4814-870e-430d3f8b327e,93edb9a0-00de-fc63-0815-50107f0c56ec,5,true
7889f6ab-1c2c-4318-8b38-2f5149a7968e,0e6a3b0e-6263-3f78-bd7a-b96acf6f9120,5,false
690731a7-abe8-4a39-a77a-c805517a0191,f5bdde5e-4680-3a71-6f73-aa7390f297ee,5,false
7e585a89-dc32-42e8-afce-262eacd7cb67,cc2eb8c2-fce3-ac0e-dd62-0cd4bc17e374,5,false
afa66b98-6414-44a3-a106-e86e677d43dc,3647b3c0-bc92-4c3b-f4d1-43337ef0dca3,5,false
ec6378b8-db2d-4f77-a332-3941f6abe89d,e301b3a8-ef22-4952-6d19-3bce5d318b16,5,false
5df0c584-598f-4c9e-b235-a34910634d69,890d02f9-17da-4870-01f2-57ccac0ee50a,5,false
d1c40cf2-25db-4458-83e3-41b79f4ebed6,215e02b4-b0a9-b02e-7549-4cd06c00749f,5,false
63c1800b-9b66-4477-89fc-20293c15e1f6,5eb23635-d2b2-0944-d7e5-9397e4a20e36,5,false
9c6554c4-7b4e-4703-8ebd-05f3a7322bf9,8d7d0f4e-f398-bbec-2dfd-a2a4278b9312,5,false
09157480-ca08-4761-8fc0-148c73204210,57aab9fe-a600-f8fe-980c-b9d073becbf0,5,false
f166c467-4d64-42f2-a489-9de152a11eff,a5d963da-cc7d-defc-94c3-ad103f549178,5,false
aca91af7-8c92-48ce-a18f-dc1dd22a56b5,981e7f85-9def-266e-4242-e499a942d58c,5,false
118026cd-92d0-435b-8339-5bee6216ff3d,6bead5ad-5058-c1b9-53b2-dfe9fec1a953,5,false
ca2ae7f4-6caa-46f2-821d-b7c1972f74f5,99a64b12-6264-eaa6-7bd4-ba51154fed2c,5,false
4e602c00-a07a-41a7-8732-9cd2d3158daa,595fc02c-b5fc-82e8-f557-abdfe9dc0966,5,false
0fb2746c-0760-4e60-abe7-15535cdd8c30,a60db84a-4bbf-bb56-034c-20b097e9e5ad,5,false
f9a20f9b-abbd-496f-9851-d90bc310d9aa,9e7bc02e-9893-586f-06af-6cf95fbfe3b6,5,false
5a8b04a4-95aa-43c1-85f3-9ab86789155e,eeeaf3c7-9e2d-41c0-50cf-4769247930ad,5,false
1a27822d-09ee-46ac-8c02-6f51d5cd859f,f9ca7dcc-6b77-225e-1ba9-67e3c10ed1f2,5,false
304e0bb4-e838-48d0-ae2f-9e1219e61e27,d342b234-a54a-f032-c995-bc00630cbbe9,5,false
24f06ace-3b0a-48ee-8180-1061bffdcf44,c3c6c0ee-2ac0-ba4b-8cfe-d54bf6017eac,5,false
cff41699-e843-4eb7-8232-6904f06a7527,55608a42-9d02-029e-3ac9-fc0fe8188a75,5,true
c7c1f157-9293-474a-90de-db65de5ae5cd,3f5b8e8b-0e38-32bc-a943-841d7bb068f5,5,false
67e2e6c3-41c5-4aa4-aaed-3f387700b299,d0dd3081-75f0-a89b-46d1-0926b3df9cdb,5,false
4efeb9d4-fca8-4279-a023-5475eea90996,36e024d5-dc84-ba18-6183-37ea39cac639,5,false
17af2d4a-4cf5-42bf-96b2-6711804499a9,afb424b2-abf5-2260-4a28-68f06b64b2dd,5,false
dc9266ac-fbc8-4233-bac5-7e192fff7970,5c42cfdd-5dcd-ad3f-3b50-9c782ffea2c6,5,false
22da5fbc-ce2f-4b05-b554-689d7d6325b3,7568c82a-d6cb-5703-6692-f977f6d347fd,5,true
7db257ee-7866-485a-8b31-9461aa08f2a6,7f55d399-cc2e-0b8a-d44c-6c43b76bc48f,5,false
e08cd2a6-2aa3-47e3-8ce9-a83c70db158f,a5a84e8f-710f-58ec-88f1-cd4543f5e1c4,5,false
b1d8482a-2d45-49ef-90c1-828c42b4d72e,272dc733-1142-22be-ba4f-ab05ab8d7068,5,false
d0ff4117-5a73-4b7e-8dc1-7bd2950bac0b,835f5c94-650e-c760-7bbf-e745a1ba4b2b,5,false
7b7f1130-ddb2-4182-9197-c34c09e2a40b,3e9d2ac6-d78c-03ed-dd7d-e47275159b65,5,false
1e0423d0-ae75-4ea5-9301-53a47f09454a,00b250a0-909a-47b6-e2ae-7d8ed4b6a8e7,5,false
5dfa92fa-7dc4-4082-addc-8f1b1d59fbd4,ed06f628-2a6e-df8f-0147-394279f2bcfc,5,false
033394dc-7136-44e0-be2b-280e69de2faa,2df73e23-6af7-ad3b-ff48-b6ca44514e34,5,false
555f2d12-de69-4f99-8ffa-86cab174103d,6d0b0299-3d74-9a2d-b2b8-a60233599a25,5,false
784d6715-7ef1-47e8-8fc2-f2ae8fd11b29,cd419f07-cd25-16f5-83ea-c5b36e414ece,5,false
ad50d372-7200-4d57-8718-58fe1f13b0f6,6b5c29c4-603e-b763-c8e7-926317b1a6b3,5,false
a88a3390-fb46-4539-8b1a-9d600218c198,6eec08e9-4253-6475-7f6a-c3d20aa07284,5,false
338d6234-7f08-4318-8a2a-ca149c8d1a44,bcccf6fd-e198-2b67-7d0e-905fff300527,5,false
a89b31fc-0899-4f05-a47c-8e983417bb71,b1239a56-a37c-4e3c-4582-42b740440900,5,false
4faa8cf9-a533-4c9a-bad0-2a88d4344b33,5197c0a0-ad37-9ba9-9b3c-5fd87b06d927,5,false
cd41b9ef-fb0e-4fd6-904a-b0364dbe063a,7bc69a9a-0b03-b63c-8255-54dfed834c87,5,false
10886962-50db-44d0-b0fa-f26f2d30a3df,7ae27b55-24a4-39e9-5fb9-3713d2cf9852,5,false
a04a847a-477d-48ba-b2e1-2ac0e7ba87ef,90475e3c-e722-06c1-83a4-39c190d05518,5,true
41a345a2-494c-4bb1-a9b6-42a7085159ab,1e32f894-c803-6aaa-853d-7c0f036fdbb5,5,false
c4b0293f-cdf1-4c57-9e1b-da86138518af,fd14e571-5840-d658-e7ec-78e7f9fbdad0,5,false
d02ad1fe-1813-47ee-bc9c-00a8feadf9f1,39bdcd99-6043-9e58-225e-32f0d27d08c4,5,false
610fb206-43d2-4656-b882-17f3b11bdf0c,b0705aee-4c5f-896b-d295-670797447497,5,false
7f8ba991-7321-4aca-a53c-23ee345c5172,4432bfe5-292a-9ec6-eb5f-30250d8307c0,5,false
4ac02681-e8de-4cdd-9f4a-b8b54715d5b8,0848fefd-272e-a813-4cfc-3f1a990dcb53,5,false
b0577609-dc80-4af5-84be-6dbc5504d8fc,e0492423-6d29-fc0b-b6ba-3c8a3cf3ffd8,5,true
23ee0ad8-62e6-436c-9c46-d1bae06854c2,7823a5fb-cd1f-f62c-e792-494200dc6112,5,false
1aa4930f-58d9-4fdf-9877-2003accceed8,c7ad2ec6-fbe6-8711-285d-396a4ae4f860,5,true
3ce2f304-e21c-4653-aff8-8519820494e4,592ed5db-f557-6707-9b67-dbc5ae0fad0c,5,false
33541be1-e289-48ae-a7bc-344f14ca280a,7aa29d65-0f98-dd51-8f4e-a95c8e3fca54,5,false
1814407c-033e-4190-83cb-67e6d084c44a,c7a6b6dd-695d-c882-2d89-151a790d7a06,5,false
80c9a44d-5904-4e7a-952d-9ac9570a76ed,cc4fc289-20c6-ab81-dcc2-1356f91b9a53,5,true
b5ea3e09-4192-4506-a15a-e3834c20bfd0,b96763ff-7e4b-e4da-f26d-2b3c8b5d0a22,5,false
cd84295e-e3b4-4483-a097-caa34d811565,81779bbf-beda-24bf-0cae-0625af26fdc2,5,false
931b6c9e-31e9-48d9-bbea-df803f1b7999,27412b21-1bf3-cebb-a3c6-243e3fa24e30,5,false
00fabc8f-1dff-43c8-9f10-0e2ad9950b76,67f62b5c-748f-a313-a964-170f3104b60e,5,false
e9ea8546-36f9-483b-a8cd-9a01a95692a2,81666210-1232-a443-3e4b-ba992254bb32,5,false
a6e23855-5903-48ce-95b8-be9f8867e856,383932fe-e4b3-fc34-ece7-df77f71cea12,5,false
bdd6659a-4947-481f-abd3-c7494804789d,d0286e12-5f19-93a5-1e5d-ae96acbfa710,5,false
bb9171df-766c-4b05-9894-e34fba4eb216,ae7d8e1f-2f3c-067e-fab4-5373ee4b9360,5,false
ea30fcfa-6d42-4dbc-9d24-871e6770503e,820d1b74-b07b-0f98-7911-79e76f1aff53,5,false
44875fbe-d5f8-4bba-8d82-ac53cc7cb92c,9d93bdcc-6678-5291-44ab-c6968d6d20a9,5,false
20295a87-9e50-450e-9506-efa0cbef6d2a,8e952895-665b-8130-85eb-543a72540812,5,false
ea2095a3-01e4-4975-bf03-971c1a72b70d,04f4c046-f6d7-8943-60e9-39b425ee258b,5,false
2df10750-d284-4f25-8f5a-f197cf5457ba,40bc5aa6-69c4-c064-7766-d446a2b025d2,5,false
bb82aaf4-597e-4fb3-823c-32912f9f3b0e,b7a4429c-e673-4956-4574-b34df63f9a1f,5,false
e67eae1b-324a-4358-9bed-c1113db1cb62,807a344b-31dd-e1ed-8a45-c86d36b16870,5,false
73484e9c-653f-4ac4-8976-4e66655671f8,0de6d829-bf03-bd8a-0df5-e60fad0e6475,5,false
9a3e9298-cad9-4f13-aa83-2bbaa4c206e4,77b5f045-3155-592a-bb5d-0ca4bf7f5a0c,5,false
442dc939-fff5-4501-84f0-8901d065b95d,0010994e-4fc6-e1e0-55c0-52643a777207,5,false
fe971e26-b5df-4866-98c3-218c71bd6220,261fe402-995c-55b2-854e-b2de18eb0661,5,false
a401105a-e893-4ee3-912b-c3e59776fee9,71d7dd45-f2fc-a5a0-2107-0e41c2eb6167,5,false
1b377310-7218-49a3-950c-b02f38d5c514,5d3e4936-f2a2-86b3-4de2-a224b56b29bc,5,false
34f82de7-8ad8-4827-84db-7fd51aebdfa0,d5dc540a-dc3d-f52f-013b-c1c1ebbf3c48,5,false
891e2e08-745f-41c7-ba94-783127d36adc,c32ce88e-37c6-b610-5b5f-552e2fa9c725,5,false
640d0e18-59f2-4af1-89b1-b25880ed2f14,854ada65-5d62-00c7-f162-c9a2f92d8b6d,5,false
1cd25e6c-655c-4643-85c6-07bfc69b44a6,58882a5b-5916-a2ab-b682-8bfd29d2e2b3,5,false
deeb318d-56c7-41ce-8c9c-f216a8873a53,2f37769c-1b51-3a62-4a3d-2b4d2a871aad,5,false
d4435cf8-9b06-42bf-ac94-188efd727203,25888a3b-990d-2520-f6af-163be0feab25,5,true
efdd014b-a925-416b-b39d-e89a353d8155,5b4590c6-91ef-0528-adf1-4e511d8863b7,5,true
300808b8-4b14-432f-b670-798857508aab,0c76c75d-c94a-f0e3-e7b5-9591b2ea86aa,5,true
29ec6d8c-e0f5-4c50-a885-bf90116bde41,d1c53075-c80a-3856-0848-e635f8f47a59,5,false
0669d8d8-3a7b-4e7a-85c4-ab696d690c40,bd74f759-eda7-eb08-64e8-447a5eedf02f,5,false
acbf8fc0-7814-4c3d-a519-af2889374ae6,42787ad1-b3c4-288f-bfde-8abb53f17a5a,5,false
63d5b5f2-d6b3-41b2-8427-bc3e7afac618,ae680659-6b4f-5ce7-a9e8-8efa646cb89c,5,true
6936202b-1325-43ec-90cd-f6e5aa6dc718,dc324223-14ec-3bd2-3202-781ab1870fe7,5,true
57da1a47-9333-4c68-b396-133247c12e17,25ef4d2b-9e76-d9c0-652b-6d0605a575a2,5,false
f142fbd9-0bfe-4361-9492-144da3fe6442,371682d6-4c79-1fdc-ef76-556320ae3e91,5,false
17a979be-d0aa-4f4b-a8c8-196b609dfce9,e4998932-f77f-62ab-a8f0-914d65418e95,5,false
78717514-c952-4e88-bcba-c5b0d304b4cd,1a34e5c9-daff-7132-bde4-8fc1f891b280,5,false
3dc0176a-da0c-4918-9a67-2bd533cfcbf4,6366f256-af65-4d12-a58a-a0b52a8f2a27,5,false
1f45408c-ca41-4120-b439-a03b19535c57,cafbb97f-8c4e-f4f9-782d-0f588252f4c8,5,true
e7c46ce4-7631-4a4a-a389-9cbe023519fe,bbcd8dd9-695c-d9e0-b571-885e7b329f27,5,false
6aebdf77-f7e1-4093-9400-99ab4117ec91,73aa184f-e832-868f-8303-fe2ca91b9a6a,5,false
79ded53e-62c7-457d-bd43-86f6388cab93,ef6dcd45-9dd6-0383-6d79-ee946622b1ee,5,false
91dd18ea-137f-4634-9158-413267416d84,38a59100-d9ad-9e4a-13e1-05c62f0d2e6c,5,false
fea2e835-a7b5-4608-9fe5-29b496d7880b,51cb75eb-97ff-c1ff-ad5d-b75bd564ffc5,5,false
f25de28d-b08c-4e6c-be3e-dd87bf435a6c,6d725256-61ed-5f8d-0b11-fe5ab63cc03d,5,false
9c5850f2-51a5-4bd9-9184-fae2dc2d7fa0,eaa17098-3486-e9d6-1be1-f8edf5d98bd1,5,false
8eb9c08b-fa8e-4c5d-8c16-09804fc0deae,6a4cde41-b1b8-a4e4-5cd3-3bcb41a2c6aa,5,false
0f41296e-c6bb-425d-8840-e4cf6d5b1fe9,838a7f4c-6a67-0b81-c242-a22ea0fed992,5,false
e9ee3d91-5c5b-43fa-8fe1-5a6363c25c3d,7e6a7cf2-15e6-15dc-4468-66942c2a0d01,5,false
2973ed47-5a75-47a6-8c65-44cbf709412e,ba8b2004-6730-cd70-55d7-8697e98aff88,5,true
90fff9d6-07bf-44a2-81eb-afd9df5b72f5,b83f1c33-b1ce-e3f6-b108-c088a9aaf0bb,5,true
37921176-922b-4459-a6f9-dec46a770e4b,0c11140f-d45f-8802-2ccb-6d1b4b764eb4,5,false
c16a8af0-85fb-4308-b412-1ffdbfa0b8bd,0c527841-c238-0fbc-c4f9-d1714a9b09a5,5,false
8d3ad87e-6f74-4660-969d-357bd44fabca,25084cc6-05b3-6369-ecc2-8ee014197535,5,false
8f8d168b-6c56-46c7-8bae-f7f6a4f5dcc8,bf2dfae9-1529-49c7-ca16-3a78dcbb69fb,5,false
ea34e2c7-7236-4145-8448-0f3c342d60ee,a5139131-30e5-0670-962b-951bf8e92bbc,5,false
f7a8ef9f-c4b4-430e-a1c7-caa244a57079,3e4a364a-9fde-d397-d7b0-56bcd2658bbe,5,false
fe265822-f729-42e2-863a-df0fe15067f4,c6add826-acfd-9064-789f-96a0f423b66b,5,false
fcadfc6f-1ac5-4a9b-99ca-db9e7742ff4f,00d53048-4a1b-bd9e-ac76-d7f39e842bb5,5,false
2c33af83-6223-416f-86cf-152d04171acf,96d913bd-6cdb-f552-009a-9b26a7837cee,5,false
e49baed3-6386-4a55-ac82-f1774fd7f441,e2ee437a-4edb-ef19-190d-513e66cc782e,5,false
d6e34151-888d-4edd-8fa8-40655ee39275,94068ef6-8579-2a64-9e5d-8cebee0cc3ee,5,false
87336d8d-c4db-4914-9ffa-451765cb6b82,b56bc64e-3f70-9509-cf62-bbf9b35edd77,5,false
cf067f87-a0a3-4266-87f2-6c7ee21d9a37,47d58649-607e-4325-1d7d-1d3df114e668,5,true
d8760219-041b-4c41-9369-7d12f59a1bd8,208389c2-c5c8-6d26-39a4-a60ced92b602,5,false
b3678d1a-84b8-4f30-ba09-d58a7cc42098,df5d7da7-925a-854f-9a1e-09ba498fc0b2,5,false
27acf2c7-c451-4f1d-9bc4-c09593dbeee8,2f58162f-29c7-f797-3177-171efbb5dc62,5,false
1e446df6-fdae-43c5-b700-e54446b7b88a,7e3d328f-b12c-3c47-3167-143f7d663802,5,false
94fe100d-15b2-4550-8c34-edddcf7095cd,0a96f9ab-7172-5fd3-bbba-062aba59a181,5,false
d3b7f49f-a8ad-45c0-ac42-40c2f3ab56ca,5c6ff953-b338-c69e-ff30-ac3203a3d7e3,5,false
a9f6074c-6513-4500-82ae-c11a0bb87b09,097bfe0e-cac8-0669-10c1-1c7e73410c7b,5,false
84cd1400-d0f6-43f3-891d-a9c22fa9735e,0fa3029c-afc3-20f9-4165-113613e60ec2,5,false
b2c54a24-a530-4ad6-a303-a37fb526332a,c8d25b5b-0620-832b-ac36-287ef7135a69,5,false
cf9419b2-843e-4533-aaa1-e9c25317a60d,6238ef44-b731-7cfc-5b94-c1cfe5577317,5,false
35df178c-861c-4e92-bc0e-a79d6e3ed584,f6edea47-8d98-3dfc-e4e2-22442df72f59,5,false
6bea076f-09b4-4fa1-8d5e-80fbd406e927,835be0b3-f0e5-1c90-32eb-6baf11d7684c,5,false
600b2a37-6215-4100-af3b-6b368fe4670c,78a3d62e-e70f-73ed-472c-487c33cbb19e,5,false
633753d7-3bce-4a59-b068-e3065182ca7b,91792b9f-512b-fe41-9c72-86663b9316ea,5,false
6077e8e9-8e9d-4ee6-b42b-cbd2d60a8704,83ad99b4-966b-6e85-beab-95e37effae78,5,false
c09281bb-15c2-476e-b009-a2ce3b79ad38,c2f67d49-c02b-5e87-b6fc-42c587087247,5,true
c626e4ae-3a86-4bf4-be2e-a7c6918f673f,56f511ac-5c26-0f04-5ad2-ea2c3e005007,5,false
a1381d2b-ae78-4fcf-9a51-520abf982ff0,3cdaf416-b685-5a24-dafe-0cabe6d0cd51,5,false
dc2fc146-673a-4880-91be-cd932e5efee5,b65c8df5-5ec4-f0a3-83bc-3be3aa414adc,5,false
dede2392-c2b1-4143-9509-2ea7c3251263,6436abf6-4a94-2917-6660-e8d2f8704b41,5,false
a6667a68-e416-4133-869b-ab8a49157927,3913bb80-b6dd-8757-2617-6974c2247528,5,false
0e96eb43-69b0-46fc-821b-474e25f5095d,53c51789-e55e-6adf-a3b3-9b5470695620,5,false
8c6ac822-937b-4721-a243-26e6b6795161,58cdf9ab-b517-5651-5b8a-ea63177aceb5,5,false
43d3cd49-c136-41c5-b72e-20126dff6703,f2ccceb1-e3f4-da69-abb5-fd9787f1d223,5,false
65372ca4-8411-4582-adbb-9721c2df8574,49d48f3a-89e5-78b7-89d9-409d0e2ce915,5,false
a143b349-8d2c-4c13-91dc-b1a95fad1a86,30d021c1-b26f-0826-500d-9d7be5f66985,5,false
e690d10e-9068-47a1-abc4-7357e370d614,8869f006-25b9-41b4-7740-aeda5e0b4383,5,false
de2e0e9b-eaec-4459-aa08-2c6a61131534,fedf7b8c-ac1a-0140-0511-f7b077cbbf82,5,false
afd885b0-892f-4112-a757-61a71a9e1bac,48710238-beef-9f4d-82b5-c1e2ceba47ca,5,false
9c86f0f3-6df5-43ac-b3ac-f7461ddad73f,dcd587b6-3bc4-8257-9339-d52ef5183432,5,false
7cd2be12-a279-4897-975b-e027e8645094,ea7f1893-2e24-f266-4f1e-841da49dbc29,5,false
1c4b6bdb-72db-47a2-b5a7-fe170eaba812,30fefca4-a3cb-f67c-15d4-8873cd529eee,5,false
dfdd2f48-df7f-4686-82bd-9253b7e7e891,9c52d6b3-19b6-d657-f1f5-eb07544c86bf,5,false
6b719c6a-6c2c-439b-b9c4-3dbab6795674,5b55a118-def4-63ed-1f12-f33bf8a120ec,5,false
08653398-d74d-437c-9969-70542096ebd1,47d983af-aa37-ee10-e0bf-b2a116d59788,5,false
196a0bde-8695-4b42-81ea-b1e822f92f2d,2e915475-6d46-5eab-5a20-de54314261e3,5,false
57153c4c-e71f-4a55-974d-53cf726106d3,d65d863f-3249-b819-2c37-0ba66c738702,5,false
0c92e7bf-42a2-4f1b-98b7-0beb1bb2b6cc,eda98187-4ad7-9604-419f-0c4a6e1ba872,5,false
65ff408d-b041-460b-bd34-0eb52743fab2,716120c3-ff3b-ef20-598e-a319691aae4c,5,false
02e3cc97-dc4b-4e45-86f7-823994dbc2fa,6135b9c3-b045-8159-60ae-7f7b1ca6daff,5,false
a0209b01-2f53-4af3-817a-0cd352137f6d,9b13865a-a5f4-4e5f-dcd2-b8f490c263d4,5,true
d3ea9b38-b6e9-4759-a714-d849b2824317,e8648186-7203-b524-589c-9c2ebfd4a7a0,5,false
0bd69511-5c4c-4bbb-b617-7cc7c0c7fa6a,8dfc4dce-fdd0-eed5-0b89-dafa9131732e,5,true
2faf0646-e5c5-4e51-83cd-0bcb36079fa4,5e9f9192-3bce-78bb-6cce-367828ec6c44,5,false
9eaea429-cd83-4e47-a38f-abb5cfd8a4ae,9f9705e1-8a7f-47af-4d22-8fbcfef6ceb5,5,false
7b76452e-badf-4941-ab64-dd570cc816cf,82cf1f50-bc70-1d0b-175b-1945af865cf2,5,false
4a67e82f-9209-4ae7-ab56-a38db8e8c2ca,527a965c-1055-30db-8e50-7abdb74cab31,5,true
5799ee13-7f35-40e2-b326-bb492c6538ff,fb84bffe-d3b5-07cd-a8d2-b668e454a3e6,5,true
8395664e-87aa-4d32-84f2-1ff6de17202c,60a69a02-d3d8-107f-daf0-c6be4ed06e3f,5,false
7655acf6-8081-4329-bc9c-c5383943d9ff,05bc2756-2598-1369-d80e-3fd494a2c86c,5,false
43b137b5-9afa-44ab-b5be-a1b9a66498f8,a8ddc04c-236e-2b0e-8680-fd4bf5787632,5,false
9b5c0bef-9f2f-48db-9e3d-82397b152b87,9625cdd9-2063-9a11-b55a-44d9d1048491,5,false
6b97050d-9bee-4731-ac6c-83e522d4773d,0cc27ce5-5127-aa85-ea54-38b004f7d252,5,false
f5b1d662-cd89-4a35-8968-0d7497fb79e2,7e50c66a-7c31-48ba-b431-a3e1d709f6a7,5,false
72e81066-4162-44e8-ba65-c0f1f8f5c461,5f26ef02-1945-e12d-1786-97df65dc6272,5,false
399b7d05-5f72-4877-a977-df8fa2d04f2f,6f754ccd-637b-1c7a-1dfe-28d5c5b9db5f,5,false
5b5a1104-819d-49b5-b7bc-c43227debfba,c7d20854-e246-d5d7-50d8-08ebded3347e,5,false
1ba23821-3679-4ebd-9057-1a2859865657,c2f69b17-d777-312e-76d9-17eb80f86814,5,false
907a2d81-eb64-4ffd-b144-216e8c5b8155,78f3fc56-fa09-dc53-61c6-bf42ebeb5c4c,5,false
ed82185f-fec7-4be3-bf25-334dc39005e7,06ec95b5-ada2-869c-6485-13a9bba6993b,5,false
cd94bd51-6631-4247-bf5c-f34be8542021,a7fc061f-2b55-680a-2081-f5332854df55,5,false
9cfda8e2-cf1d-41cb-a5b9-3257eaf5dcc2,39272c3f-644f-6f48-db4e-23f956a00ea8,5,true
cc87b585-0595-4c83-9b5d-f47b630d67a4,d5049e73-d931-7d03-ebc5-1596542b2166,5,true
82f86236-2c2e-4fcb-b1ec-8d29a426efd8,439261ea-d380-8f1c-1b18-df3f8629e72a,5,false
4c2d3e03-238b-4681-b0a1-85c48032ca68,fc49822d-17f1-346c-4c6d-77c81b168f70,5,true
f32e2761-13e6-41d4-aa7d-194c7221c6f4,10fdf3db-8557-d41a-9d29-05d2d8599e67,5,false
00eead3f-344f-457d-87b0-9d145a03c978,2eb0c5b6-f90c-cf53-4de9-ed1719474d1f,5,true
24f13a5b-c47e-40ef-b6de-0ac972bfcc4f,7ef699c6-566a-0d05-f95f-e2dca1b4df2c,5,true
4f37a8b6-a7d4-41b7-8820-c0e719d67191,ab2097c1-fc54-44a2-fe0e-ff3b8532b490,5,true
1de0aed3-a3ce-47a4-ac82-92ba6c068dfb,9f1e344f-87be-95a2-61d6-d2eb20b4f109,5,false
2b3e16bd-48af-4a77-af8a-1de0adfacd83,602f2bcb-b035-ada1-085e-b3d553441c58,5,false
f6602bf3-bacd-43be-8acb-abde5a345c79,91d1cbb8-86fa-f777-19b8-6b15d6a0db29,5,false
258a854c-c677-4a60-9e36-3cd7922f68d3,68bf12ae-01eb-1a3a-b1df-fe12fa1541c3,5,false
c96a651c-9ea7-4637-a4cb-83ba5f04be37,c74294ad-5f2f-5b14-4c70-3c60f2627b54,5,true
ec166eec-a659-417c-99a6-7150c53ea7c7,1aa9db7a-c3f8-cf95-27ee-bb56a9ea5792,5,false
9a3ce0d4-8088-4fcd-a57d-b0c43fd4f409,adba2590-9bf6-493c-d094-40265c568963,5,false
58edb8fc-a5b5-4c5a-9e6c-ac04f29d64ef,2333376a-583f-24ed-643a-fb3e24d38fb8,5,true
bacce32c-67e8-4509-bb95-6e549bab77c7,1a8edcfd-9139-b514-67b1-661014b4f7cc,5,false
20a52b45-603b-427a-a676-a7a0c5242796,be8c3641-fedf-7da0-13fc-7a0ff4e364ed,5,false
5369d5da-a142-4423-a84a-e613774bfe23,4a56f0c6-7863-8829-b79e-81234e07b10e,5,false
382e1837-24c9-4444-989e-daaf9e8ef3fd,6a9b7a3e-0751-2758-ed16-c22c1d59dd1f,5,false
07e9fe17-9e40-4c70-a5bc-d9f49b7b1e07,d8acf1c2-cbba-f49a-dcb9-7ce2b86a4bcd,5,false
15e042b2-493f-4284-8fdf-8dcbc48fd50c,dc167891-3f20-bae2-3c32-e4aec6db021a,5,false
9393e916-a99f-4aa2-90d2-b6a46bc9b530,76d4a6be-c68f-1866-f976-d027765c5ed4,5,false
4f66b676-2200-43ab-8bcc-2a86c667c906,3fbc60a7-bd1d-0a3d-7844-6402780cab15,5,false
c4b1645b-9fbb-44d3-9dd0-3ba0ec7b064b,673c1b9e-8ee1-6c47-5ec9-151c0e17467b,5,false
9787ec2e-6caa-4a3a-a2da-73c43aea57cb,e223c6bd-71eb-c7c9-9140-9170ac003fed,5,false
090d6280-5dc5-45b8-99ce-840ecb7f698a,b9451dc9-ab9c-3abf-5bc3-c636f37547d3,5,false
47c4d445-c448-4c7a-ba42-a9e16c012728,382014dd-59d3-ae61-2609-fd6b63844eb1,5,false
24d43e75-c7f3-4ed1-b0ef-14bdf2eb0c98,3a07aa9c-93d9-d665-60c9-a7f18a77a950,5,false
c332eb65-33ff-4ef0-b96e-69710dcd6162,4c9c0f75-1272-0b06-1613-80851f91303a,5,false
d897a594-3078-444f-b498-cc4f93cddf28,cd01f744-9774-cd92-4813-caa5e4dae3ce,5,false
2bb17cb0-a1b5-44e9-b8e2-c35d3c09a973,a1d4cc14-cdfc-1bdc-d81b-c55c0c8f6a76,5,false
e4bfaa86-cfc3-4eff-9ec9-9eec3a5436cd,6d1e0b8a-4a36-6a30-df0c-c497c90fad57,5,false
b42717b1-598f-4954-b235-893177397d01,17da78af-35e5-b0d7-2d63-5ae0dd2a976f,5,false
a89bbf2d-2e7e-4c8e-8a06-98a725ec582e,5d1ee062-ab51-0449-7cd4-bacc6fd93a62,5,false
98f4e631-f409-4630-9545-564b29cba536,7a722379-09e3-8a97-3ce5-2cb5e35807c7,5,false
0f933470-5519-4a53-91c9-e8f7a5f7b4fd,e1ab3235-0d2f-474a-bd0d-401d9320363a,5,false
24ce8a56-b9ed-402a-9760-ca5ac9e8d0eb,53c951b7-1cb3-dfae-9838-d94d34c3479c,5,false
e68c342c-626e-4275-8f17-1dbee3c9dbb2,70e4a60f-2a7f-408b-3f7d-3cbfad16c87c,5,false
dc07ec04-6c09-45ba-98e5-c0a5c6b8d40d,7994acb8-58d7-c895-c072-31926a6678d0,5,false
9f0ef6c3-732e-4f70-b4b4-49f39d17a2b5,eecb08b0-ae23-6fb6-d050-17520c332862,5,true
898f175e-5a3c-45a7-aa56-35dd9cca6fae,11ac94da-8bd5-9cc9-a578-184111732749,5,false
c76295fa-6a30-4581-b1fe-9fd9fc437f46,158a556a-4bf5-55ec-23a2-d97f929a35b5,5,false
71cd7499-4eff-4e52-88ea-efd297c0b46b,c1cd6853-eb21-ab6a-b82c-d5af09df6604,5,false
903c04cc-b713-4ffd-81b1-4ed532e5a308,fe06a012-e585-f970-7375-4adf8f2e4bb0,5,false
93012543-0002-42de-bb3a-e2d5be6968ba,b35dfc32-7189-bf1a-bbb5-fe19d1f3e18e,5,false
b07301fd-c284-49b5-86a3-a69e93bb120c,6de1c032-554b-f67c-212f-b1daf5c03e6a,5,false
3460be4c-2cde-41aa-b068-bf9ccaff07ca,c6bd4a87-db81-9bd6-a2da-8de2ce7e3594,5,false
27e538fb-f466-4fc1-85d4-76d99c7133d7,185e1c81-5732-edac-3121-7ff8a3e3a68e,5,false
eb9a441b-e08e-4b3d-b09f-2e681d3d66ac,82289cea-84bb-9da5-4abd-c1953299e382,5,false
f14692c3-e417-4323-88a2-8c97d9122e49,b8d20076-c455-db97-a5c4-19e994d81197,5,false
e382e7b9-db6e-466d-8495-93b90a11748e,750f48cc-37f6-3a37-f184-c093dc7f4333,5,true
e833e8f0-665c-4962-b2f0-4305fe1af1e5,fd24aafd-5453-5801-47d1-efab50d82742,5,false
b1dca3ac-ee6a-4d3e-beab-6db4a6895d5f,1dbd8a61-4db2-5413-8fd8-dea2d64a2823,5,false
1343d032-59b5-4add-ba37-9e9cfd3760aa,1e767df2-ed36-b9e1-83cd-a661eac78d96,5,false
a6d02129-6c5a-4b80-a206-d3897345d9ad,fa2ad42e-7204-1ab1-5802-3dbc8542bf00,5,true
bca265a2-133f-4e09-9425-07df8cdea367,7574305f-3010-93b5-e0d0-e1b46217d864,5,true
342274ed-bc06-4c7e-a81e-6609bf89c2db,d170f486-bbd5-265d-6442-1ddbb67e65f8,5,false
67dc6d12-0038-4cb8-970c-76e1a22795a0,39090df2-3ecc-375d-1d57-59396c2d9b2c,5,false
007c8a8f-416b-49bf-9156-3db10bb238b2,055da4a4-8ffd-49bb-fbd0-0644996d0d1e,5,false
f78b88b4-6bf5-445e-9827-c496e94845ca,1243f0ec-bdf2-1980-f723-c4506b398e34,5,false
fda0b9b3-7afb-41ed-9729-656ee6b5fe3d,e2ca6f83-5f14-d3dd-5337-8e59287712b2,5,true
10608729-995f-4af6-b17a-8842ecbcc74a,fa494db0-ec6b-74ce-b055-0793b2dd2be5,5,false
1b609a0e-4971-4ef3-b257-d6173575a748,b4420300-d563-08ef-0fcd-a6edd62544cd,5,false
243c611d-3854-4bf3-9cb7-7eef6f993ccc,da13c2f3-9e5f-52c2-75f8-c0258db1f3ce,5,false
15a9e9f3-f9e3-46bd-b536-726350117bba,a59bfec0-5411-4eea-cc3c-ee1183c6196e,5,true
1f301613-198b-43c0-81b4-d1a7bd40b9cc,d4d6488b-3002-e044-27c8-e93d3f5ccf0a,5,false
68ff3b47-c318-480a-ab32-9733a1da3d95,57c48912-9d11-3879-5cba-149e389d1687,5,true
042ff013-0cb7-4c3e-b3e9-34b985d316e9,dfcbd091-1f9b-490c-b1f2-2b105463aae0,5,true
2fa70797-c431-4538-99c8-6ad0efdaf559,3f686b4c-a7ea-3ca7-c498-cfa802363f4b,5,false
37b27a41-2624-4d1a-af08-6f1050ef2302,a6ad5c8c-89e0-85b3-704d-beea1720f3ca,5,true
cf6fefae-b916-4a96-b701-c06aa0fd683b,f987ac30-f322-4c88-01b8-2bf0427cc166,5,false
73b2b525-9c4e-44bf-85dd-f84dd03b0f20,83d41aa2-d785-b3a0-fd52-336f26315356,5,false
3ffc63ff-6a02-4ab5-9360-09513f143a69,0624421f-4486-2921-d4fd-3c780d06db24,5,true
01cb2e16-f198-426c-9eb6-572bdfc1066c,b316cd4a-8171-b998-97c8-19daa6546f4e,5,true
6f88e8e3-c861-460c-8872-1e338f99fbad,e6d027bc-bde2-c023-a509-c8c3a9d6c0ba,5,false
314d19e7-a5a5-4d3b-a64a-0a5ec3dde020,7fa8faa0-8db6-ad64-0a42-9b58b790e16e,5,false
2c938756-b540-40a1-966e-a9552b68f9ac,14c8076d-63e2-29ab-93c2-e446d94e75a5,5,false
5fdeda00-f617-4b3e-9bb8-83d36681c6d5,a51c5791-257f-028d-8a09-82d523eb8e52,5,true
c45f6ab7-c305-4c45-ba82-239e4fa5d3e1,ad661a5f-eea6-b542-772c-a55b3eb7d811,5,false
75342fdf-204d-4fba-b521-2e09506f0a86,7103c4bd-8678-1548-ea4a-af3f732dca2c,5,false
dd72cbf2-dbab-4400-8868-71441ec6f7d6,f98683bb-5b6a-0e6e-605b-36ac9ac1761a,5,false
7b4c178b-0c84-4b68-bbbb-7498579517bc,35607f35-d19c-c6eb-278f-ec2158441aac,5,true
e9cd55aa-c64c-4438-b986-3d8529975d12,1e5fb688-27c8-da4a-aced-e969bbdb99b4,5,false
2c7862aa-9930-417d-aaa6-b97523f37a22,cba29142-588b-3203-b791-ce7681da1e40,5,true
a477fc0d-7297-4bab-86da-07b166c69301,5e16be09-12e9-7808-7b9c-db394dfae0d3,5,false
1b58882e-aaa7-41bf-8e5e-2171749b9737,d1016976-13dd-49d2-f307-9587cbc4b69c,5,false
cb561526-e803-4f67-9a82-c77922596857,bf90edfa-fdb1-5e79-bf89-6be02c4fe9a9,5,false
ae850741-3c9c-4b9a-bf74-b6ea533893af,bd9dda84-3d43-f753-bd72-ea3bf62c3174,5,false
c2a92ac5-1687-4790-ab15-b7a334522941,adc59881-4701-d149-ffb2-4e989d02b304,5,false
1920dba4-1cae-4eb4-87d1-8c3064e2ac28,13eb45ae-1780-7773-3ebe-4028b275c89f,5,true
421b19b9-6d70-4332-adb4-e597128568a1,60422a9b-7a34-d376-24f7-c186dba65466,5,false
1884ba88-ddc6-4c44-b3b3-06d6da82743b,daa979be-ba8c-3ee1-752b-6b5e22b87067,5,false
976b05e7-5fdf-46c8-a980-fb098feffad3,73b46651-7865-8ba5-d884-4821b4cb130a,5,false
c73c57d9-4a1f-4150-89c4-644c095fea23,cbff8d1e-8feb-6e68-b7fe-5a9f1db217eb,5,false
243c7631-2fc1-4d98-86c7-d0087a8ebc54,d87aa255-fb14-9ff0-b2f9-8684d9889f7b,5,false
a152c2ce-aaa2-4bab-93e1-a05ed22fcaa4,465a7c28-56d9-4eb8-5570-d5a686dc00c0,5,false
df1461d3-0367-4701-81b4-435635233114,49c8a72f-0a6f-e63f-35bb-1dc90d9c5e0f,5,true
fbda9cdc-7df8-4a5a-a9aa-695b5da301d1,77e9fea1-9a04-b4da-4322-cc0c4ebbb7c6,5,false
72281e4a-1f37-4ea6-8730-809fddb4c41e,b997fced-7bff-8409-31f3-4205cd962efa,5,false
cad2dbee-75ef-4a68-9739-1ace1f0720a5,c034e19f-f042-8252-0f52-61f4016fee58,5,false
9650e2b0-7a1e-481c-b7e5-a6b5c65ac3c5,32a2e31a-4f90-d7fa-f1a5-95395d9b4dc9,5,false
be652f52-35d0-4faf-a759-88d7fca6cf6c,42f52804-c1ad-d3b8-1541-240490d558cb,5,true
ada00dbc-fb39-4240-873c-9382e817d667,fbeef43c-3eaf-24d9-fafc-1b488fc472e4,5,true
2859c74e-a4c7-46d5-8b91-a661e806fe45,7f5484bd-3894-7984-05e8-3a20bb1b7146,5,false
83dff3b8-b16f-4925-9db0-f1ad726a5d66,de87c49f-22f9-6400-b94f-60a608b5f35f,5,false
681479d4-9cbc-42d1-bea8-66e98fa5aead,5c5a3667-ddcf-3b31-ab9b-6366190ba56c,5,false
ab439349-fdd2-4386-a538-66ed1db2a508,63934a68-d1ea-1aaf-3cd4-157edda29899,5,false
a325bd7a-6049-4780-9dac-5e4f12126af7,a3efd333-4e8e-aa4c-3947-e55d2679cde0,5,false
9faeba12-fd6c-4a14-9209-1c6daff2e3e1,ac91e41b-1a9e-44ed-9d3d-f21d23f086f9,5,false
a36e90eb-cacb-4998-bbb0-ad79e13ff0ad,dff48832-38e8-4190-4d4d-6ae837aea6a8,5,false
c9332ac7-caf7-4d38-b066-392d67db7b13,6e1e7d7a-37e8-6f6a-4fb5-9250f0ef0954,5,true
42a30b84-ca6d-4ad7-b693-81cde59ee3bc,340af98d-a804-0e44-b0c8-ce73535a3f78,5,false
7c211162-ed74-4dac-9b0b-df434565113a,bcedf741-de80-5ea1-e370-ed4ad89f428f,5,false
ae1bf08b-1e84-4692-b662-f4c27e749424,c62b28bd-9ee7-80f6-0651-ccdc376663fb,5,false
325ba1bb-2930-46c2-b130-a8cca9011b05,f74cf810-d034-ba19-7ab2-4415af6d527d,5,false
7859fe10-8f10-484c-8ba8-7ec85b59cc26,e3f2c557-2313-bd48-323c-cdf67608e7d6,5,false
9ec57c89-8ab6-4a71-a6ae-e80552e2e730,afe186c7-50b1-e49f-94ff-b31814850913,5,false
14cd5201-1b75-4181-ab66-18e00741f4cd,f7a8077e-db72-2512-474e-c49aa896712b,5,false
dc2377e9-ab0f-433f-a5d4-07a136c3ea78,4bfc74c8-8273-58f9-b536-84d3b0400660,5,false
5dfa9b3e-9777-413e-bc3f-80e2f0135314,1ca9e043-7003-2799-9c06-faa134e0cfae,5,false
a8ba3d31-f36a-41d7-9a90-a616b8132d84,78071f6f-be4b-a1e9-af26-4c698c4da7ec,5,false
5fa339ad-59af-478d-bc1b-800029ec8c58,af8062ab-e926-36c2-15ea-aeb6356b790e,5,false
888a8b6a-46e1-4262-af5f-fffd45f475c3,d3b541dc-d88e-e6fd-aac9-be7dd75358dc,5,false
71efe82f-9ab9-43fa-b539-9e6cf781496b,58ed60f6-3196-b0ca-3706-ea2b42efb230,5,false
684dcaf9-c27d-4d29-83e8-aba54c184926,55a26176-f8bc-c21f-bc70-b2d681943d68,5,false
816b7126-e57b-4339-a64d-48317744f427,22d7d52c-84ac-62ef-f24e-d83cbd1fa962,5,true
51d07267-cfdb-4e63-a607-89af95e729cc,c2b3c890-3341-b64b-1076-732735a985f1,5,false
5f0de877-42cd-4f10-91d0-e4c5d2a4e19d,87a67c86-6e1a-c768-115c-f197627f5f11,5,false
b3f3a81a-2a7a-419c-9aca-c233b95b52e9,0b412cbf-70c5-c756-bd5f-928ceea6888c,5,false
e41cfa57-5962-4a70-ae34-db5353dd821c,90c7e92a-e253-4f10-6dff-14782139a783,5,false
2d439ea9-0793-465d-93f9-446aba6dfec0,b60aedd9-6a9a-7aee-e34d-0434d34305ea,5,false
b6100bb3-f4ed-4fa4-b100-a22c1cda59a4,1c9cb115-1d9d-7ffb-2929-9770009f350c,5,false
7aa425c2-10f2-457b-a0f8-e49830cb31ca,9e3afb79-c5f4-6e40-1e61-60c21f6d830d,5,false
1f4c40bd-adf5-452d-b28f-08021ee8a418,39b3bb9d-ceb3-1a19-aefa-afd1086444e1,5,false
0a132903-98f5-42b9-9d73-686e0309e406,dc4e9f22-6a5a-38b0-b5bf-6264b22a4f29,5,false
6c19d1bd-6194-4502-a2d2-f14bf86e4b6a,c8be6c99-4e78-c98f-7e3b-d12438f0e963,5,false
f1bd4f6e-c293-4f04-8157-f05363d9e1ca,8203774e-4a06-2615-a912-3bd1b113d20d,5,false
5cb7ba57-cd20-45f1-95ce-b2964f106e09,c7e49c3c-16cc-7036-57e1-94645a65d777,5,false
ec3d6de6-5cb1-4340-be85-d9e7eb455102,f173f6f2-8931-e696-5aab-b8f1904fcab8,5,false
3ae6ee1e-5bb9-460c-a84c-6511d60f9a05,ed951fa7-738a-040e-9dbd-50cc4e79aa7d,5,false
402a5354-f82a-4ed9-9e57-d1b1d3e440b9,1ecf4661-a556-f323-0958-13c68146b920,5,false
f81ad8c5-d23d-4ed2-b592-31525eab9cec,a0396b19-8de0-34d0-4fe2-b0ed06c4cd10,5,false
91c156e2-6597-4c36-952c-f93b8c9dde45,8582fcba-a9c8-b07d-6a0d-35aa6afb82f0,5,false
55af98ef-cd01-4a1c-a56b-8b8d02e76f92,bd7b0149-9ddf-57fc-37ab-2be4983db6de,5,false
f1417e2c-32a5-40ea-af7c-ff332aa2321d,20096fb2-eaa0-b473-a78b-50197da56a9a,5,true
88e46a61-799f-49bd-8657-c4741bbc0486,55998007-609f-d206-d31b-1ad510a3c716,5,true
d93d624f-0f2d-40f1-9840-50ce26693802,c3194244-7e6e-29c2-4c99-3397afba4790,5,false
679e6571-0917-4bd7-bcb6-a7cb3fb6d29d,ace6dc17-7ebf-4240-3887-6b6b2863610e,5,false
38731a43-cf1a-411c-be3e-c12106d391f8,8bd95a0e-c214-c1da-b69c-472bd278534f,5,false
5d6c5ea9-a409-4416-9c26-d05deb8e664d,20df09af-5187-836a-e339-3dfe81db097d,5,true
e03ef77b-6f3e-4667-b3e3-3c8a74d9586a,c9a9cf9e-1d56-96aa-b32c-6f1a6945dc14,5,true
7ff4ce0b-a7eb-4fb6-ad11-666d5b1b6c75,613d828d-51ce-1288-47b7-51269c3bde4e,5,true
76678755-55c8-49f9-bf44-5d770021f3de,33ecfd4a-0329-a701-cbfb-6684a739fe67,5,true
687b85f2-eb95-4c78-9499-f9a3435ccfeb,8cc818dd-9088-a9ea-03dd-21c7a1521053,5,false
e3c22bc0-883a-4555-8756-7360befc35f4,9a0a029d-878c-54d6-fa95-ca1a3b4cb28b,5,false
00999fd9-a901-494b-a5a5-bb017d7aff86,0b44e1e2-7a04-08bf-b7c2-77a895828bdc,5,false
a0eb64ca-51f9-4292-a245-564286154de2,777f2a2e-b40d-a0c5-80d5-f180bc403b68,5,false
6a597d2a-a087-4aa8-9575-f4cecfea0a83,0f9c8765-4fbe-8118-d5db-b3ec2f08d7ae,5,false
64e9d5e5-8588-493a-8767-ba03c1dbb330,6e85b7e6-3f99-0259-accf-42365dfc88a2,5,false
43edaed0-be32-4996-ae4a-d9951ad79848,d9475662-38c1-600f-2087-205e0f7681f8,5,true
102f1627-8700-42b7-9d50-271d7db1fa87,2e33be98-8777-3848-2d64-752d492ab6fa,5,false
95a822c8-a3bd-4d27-930e-02eac437b84d,0d371e53-f7fb-fddf-ee04-a78c466381c9,5,false
84f74145-1b86-4f25-91af-b3ce118aa2b8,0b860483-d60c-1039-5000-c640867815ef,5,false
e9f41fb3-648a-41ae-bc4f-e4d1f1d2e9ab,360af3f9-4ceb-6f3b-1c35-394f2f59447a,5,true
dba24aa0-cb70-4638-9cd1-8760509a0581,3acceb40-f105-26ca-4d0c-adb277b12532,5,true
a97d0eb2-ed84-4dfd-a7ef-5d00ebcd1040,772d5620-381a-4f73-110e-6556252d9946,5,true
6c88c8aa-cd2d-48a5-bdcd-24dadb44d92c,bdba7a2c-24cb-bec1-b312-3fb5a4b5effa,5,true
0781287e-fed1-48c4-82d9-d6dd68ab6328,bbc08071-5a2e-f7c1-af1c-2e1829da263c,5,true
1944c7ce-48c2-4bcb-b136-a98671bee15b,23f3a327-1ddd-3e5c-c7f8-830a1df80abe,5,false
878e8c54-fd19-4325-b3a4-9a7745799b07,008cb609-ed44-ffae-01c6-2630de8efa7d,5,false
3866b665-daba-461e-a713-e7561f3a3035,4e07a043-60c2-850f-3df0-99b302a2eb67,5,false
5f5ec572-2deb-413e-9bda-3fd5a2c35101,d10d7203-54e0-3cb1-2c99-62f839612b28,5,false
280bfa16-8a15-4b5e-b876-3b125a7ecf96,9713b0aa-e58a-c197-39d8-c8e218c77739,5,true
f08cb99a-c893-42d1-8c4e-7636e8d09f5c,73b8db8f-f3dd-1c2b-5aea-4c915b03bd57,5,false
175702cc-6399-4640-a85f-b5b6072137fd,5075bd29-f66a-b5fb-6cf8-be993fa65085,5,false
68f58979-2819-42b7-a08b-be884eaf4a36,b75da9d7-dffa-9cdb-69cf-cfdc518d5b04,5,true
0b322550-4538-4a93-986c-cc3ec68b0b3c,daf7456d-ac04-910a-87de-da8abbf4ff25,5,false
f8929a5a-63ee-4420-a55b-a792f0d898e7,f1dbd2fe-23c8-aa5e-de5c-f83d7ed061bd,5,false
16379650-286c-4c50-bae2-cdcd30b7c8a7,2efc393f-5493-6388-70db-d2761278df8c,5,false
b6c4bb3b-8afc-4b47-b58a-ef2e61d9bd74,5ab91efd-5fa4-622f-9fc5-d079f99817d5,5,false
830a5363-6320-42d9-875f-1e682fc72327,ff4f8036-8b0a-c42d-5657-212cd2a24a0a,5,false
356752a3-ffd3-400d-bec6-9194b044a858,2a77cbfa-6bd9-353c-c35d-b438cdf65024,5,false
f74b2afa-cbda-4857-b4e4-952bab3c74dc,64f799bb-f701-e249-dfb0-868036d20add,5,false
86c88721-87f0-47eb-b41d-200cd7352b70,b7697fbb-e3db-187c-8edc-cad1396db14c,5,false
fe2f2ca6-9b09-41bc-947e-96823c58cfc7,138a6df0-572c-d559-a365-b5444882859a,5,false
1d4147b9-63d1-4f72-b51d-f9fdecc8f8a8,c892e3c7-0107-5728-13e0-b66935774734,5,false
629cffdb-0bda-4169-ac04-db5428ea80f0,9497ffaf-2379-5780-7306-f7068fabc300,5,false
3c0c2b87-cac7-42f7-adbc-8c1c35798b4c,979bbdfc-abe2-623f-213a-9ab2d626cc39,5,false
d41b49cc-96e9-4457-90a9-2f60790dbc02,cc6d4aee-bce5-6590-80e9-e7bfbec3cad6,5,true
e43398a6-bc61-4eae-b1c2-4cee3da22189,10584aa6-7874-f06f-0f14-6bc4f6673082,5,false
45a78098-351b-41e2-88de-5fa969be2046,54b1d970-8040-9a68-0a1d-fcbb1cece42d,5,false
457ed3db-a0cc-4eea-abd3-befac4572334,236cee97-da77-5cad-db0b-0a588443302b,5,false
e6ee83c5-42ad-49d2-a29f-a7003b54118b,817ea5b1-e2dc-7a61-14de-8c87b249ef55,5,false
6f6000ce-72e8-4fa3-950e-6d7bc49f56b8,3f7b31a1-100f-8f8a-69c0-cc5ec8ff7e0e,5,false
7f1fdc75-a97d-450e-a1ac-9c0cc4e7f058,4e5f5342-2db1-8a98-b210-34b12267c9e9,5,false
69b3ccc3-205c-4ad0-9d10-1976f5683840,3809490b-4d2e-e8c5-2bfc-0210382d46b3,5,false
b372a281-1989-4586-ba90-75fd388fa171,b9203e64-f347-998b-ca1e-3fea48c73680,5,true
a5b69747-3abf-4134-baf0-2afb5a2742eb,9faffe35-b52a-d7bf-ca82-c74548ae2b48,5,false
40e28992-a3d4-4db3-bb46-01eaeb2303a6,7f49a6b8-c362-086a-6361-887bddc287ca,5,false
a4744901-23b0-423b-8f56-395b6b27a5ad,18622d6f-0d28-3a96-5fe4-bba9c981e196,5,false
2170c780-a518-4bb1-ac03-8595026a90fc,28dad256-2b6c-80b5-3b07-3941a54701fe,5,false
bd8394a6-4b55-4ceb-a44e-99706870842b,cb9e6f77-6f3e-2a27-0ea6-445d1306c99f,5,false
ef895c97-e12c-4eca-8497-434b22352592,af6e5b27-1c49-429c-a61c-9fb69f5f00d4,5,false
a63e10b9-24b2-450c-8901-f2124d810498,8fd99fd2-3f2d-3ec5-2627-cd2b900a94d6,5,false
830b9274-b5b5-47a0-921e-d1a6e5125c4f,a8c33fa1-d58c-99c9-b6a5-369610db3de2,5,false
2c90fed9-cc95-4b6c-b156-0c87a7066a8b,9bb61300-9892-f757-ed62-c77a45fed06b,5,false
4a14660b-8a80-46e7-aaa3-589db569c07d,cb8ae408-3219-5aed-2906-1618cc4e9044,5,false
6cc672c9-72a8-4019-8f52-26f513364c74,812660a5-6f29-8afb-95f7-380a6e1e645d,5,false
be11562e-142d-45b8-93b9-3a7b1a2e6388,ce12a8e0-ffb0-9aef-412d-02e31456ede3,5,false
64c53c42-e8c2-470e-bfef-57025ccef822,a7bf7afd-4215-5fb1-4d01-0856ed0e0ff2,5,true
ad486a1d-a95f-47c9-85cc-8cc5f758ebc9,88881679-4e43-f68b-a3bc-0b98ceb4cbb7,5,false
5be038c3-d6df-458c-a123-974293b0007a,e5a19341-f372-4bb8-9ffe-84a462466922,5,false
2ae0f205-7ef9-4207-b549-c39938fe1518,f2fc655e-d280-bd74-e593-bff3197cc4a1,5,false
1b72ff9b-c2a4-4536-84dc-5da6f396e2f3,5f197ad0-3327-2e1a-c605-4061ca2745aa,5,false
47049265-1bf2-428f-87d3-8130d952791d,59444a8c-8158-6352-8431-1a0fa21edaf3,5,false
5ceaa920-260b-4dc4-a86d-ef60ccde6879,0552ee5d-8a88-ba8c-ad16-03a249a03440,5,false
049b4ecb-0ea9-4b8f-83e6-c7e6874dd8b0,20f96ff1-4be8-e630-58cd-6a0de11376a3,5,false
92708561-76b6-436a-ba5f-a2df5a3cb607,1f6ec983-dcf0-9277-b7e2-af1ab87db780,5,false
350baf7a-7052-4cf8-a165-5ecf0c945051,c4b32edf-8e65-03c5-c9a1-eeea732bf4a2,5,false
94b9eca0-178e-427c-a80e-9c6c9e1a2ae0,6fe64752-4cfc-9c22-8de8-0a1052d55161,5,true
41009897-48b2-4890-96a7-9c2f1b6cb694,7d2899af-a2ab-81b8-248a-8237eb786105,5,false
be8e5ed9-801f-4ef6-ade5-404c1945fb2a,132ad9ac-3265-aaed-69e1-7056b698852e,5,true
ba7dbfb7-4971-4317-befc-f067816242c6,6e25cc7b-cc86-bfc0-61d3-5bd723cb91bd,5,false
2168dbc6-5dad-405b-9af1-975a3c3e9d50,f7ae4991-424f-c944-f585-7f04090e7154,5,false
1a4c6ca2-9c4e-421b-b9d1-dd68cac9933a,f1d946de-1640-c69e-7aa2-eff2aa193c5d,5,false
27fcbd8a-3c56-4429-8b4b-5906e17992c0,1233509e-d28e-cea8-8deb-a3834dedad50,5,false
4d2ce121-f004-447a-93a7-5e3ccfb6c56b,89dbfe44-a1a6-398f-49f8-30a944996110,5,false
84f8d369-ecb8-4bb5-bd40-c18a5bc1c9f4,a2dcaf4a-26dd-fbb1-6af2-5946e418622d,5,false
6ee89e97-47e7-4279-9543-ce86acba6992,a579ca0c-0241-8fd5-fe48-d7ab02efa559,5,false
9ad702c6-bc4e-4f70-8cc0-aae7c4881622,7c2a556c-816e-2d25-5d65-9535429aac41,5,false
6caf2755-1b4f-465f-80a5-37d1c3b0f36d,5f38a85a-4188-f52c-74de-5e0dc886df90,5,true
05b938d9-da8f-485d-97fa-d47f87e93551,8e21bdb2-e84e-ef65-9b64-c3d8c8a5a852,5,false
8e11a17b-4dc9-4dea-8888-1e9cbc5e7beb,164d0a20-6a16-8db9-8fcd-1896ecf75338,5,false
2e61f2b1-08bd-4c34-a434-e55f599a21b0,0a2de7e4-2f2b-5520-7371-1ec2a196326a,5,true
c954c257-c084-4221-8b2a-72e1ed11db31,11fbb126-3138-4adb-77ed-179fa255d7d2,5,true
18672ea9-6b94-407f-8b18-74f95910d0a9,55e4035d-d0c3-3a73-2d64-ce50505dfe26,5,false
88ec1fc9-f2e3-4994-90a9-0a9b4fda641b,aceee005-f085-cd2b-11c2-5f49a6b4fb52,5,false
11f08d05-b139-497a-a83f-e79d641e6241,fe579041-df9f-ccb0-9ebf-c2fd9b7d34ea,5,false
8fdaf609-9e5f-4fc5-b6f5-80cbfddc36f8,5a1666d5-2a59-bac0-11d9-e21fc79ecb3f,5,false
acb4285a-2ae4-474a-ab73-63e0683d4d7c,341d292a-98eb-1bc1-54fa-0f5f04eec8cc,5,false
2aa9361c-c88a-4673-a76c-cfb43f5d1259,24b6c7e4-c33d-ffa8-f0c4-cb148e9a8089,5,true
10d62476-fb38-491b-97f4-6720ee101223,8368c5bc-7d0b-5329-596e-1f313dfaf87a,5,false
c1da8745-432b-4dd5-829b-969b7ed68e53,e6e7598e-854d-92d4-3fb2-124ba0761259,5,false
5d27248a-e657-47ea-abcc-a642712e4dc6,2dfdeb57-0d5e-bc68-05ee-f8d37617b95a,5,false
53e58b15-b989-4c65-98f1-57625fbeaffc,05525ef4-b7dd-6c5e-30d0-3e95ad51e166,5,false
174db159-af71-407a-8dad-09880d9421b0,af8f4e97-2bcc-e218-c5fe-da542a90f01b,5,false
63db06cf-415b-4333-9ff1-3d0d9cce91cd,e84e0d4b-daf2-104f-70c7-03a46e2b0144,5,true
de1ce3c5-dac8-4236-aacb-0c379a4a6ddf,77d252cf-b780-ceb8-368e-3b4085ec90e5,5,false
7cbca0a6-1ffe-4550-a991-987ed723e118,3339d70a-2e3a-229c-ba9e-84663335411c,5,true
b4b76145-3fe6-4112-9be1-388e22d4d723,76251edc-1bbd-6bff-80ec-df2f81e72343,5,true
f16b75b8-d8a1-4ec4-91b9-2dee80a3b6cd,bb1bc5b1-eef3-ef7a-86ab-509979c96368,5,true
8b341c8b-c3b6-41ef-bd3e-5d918b0672fa,6a1e3d15-ec8c-0d3c-4273-632b7f8e3695,5,false
97e1f960-de00-4b4b-9e2c-d6ef179ca820,f6be935a-c819-9c1a-65d5-fa924ec31048,5,true
91209dab-524d-4f72-97f1-998651805f28,7292fe7a-2109-cd97-a5cb-7a699a8dc230,5,false
9fc4d2e0-312a-4b8a-ae3a-51330130139a,6cb5d678-aee1-8a5e-b56a-7ecd16ede81c,5,false
deb52c05-5d57-4ec7-a8c9-de97aaa674aa,2cdf1903-a33f-365e-60b5-3a0d6343b052,5,false
eecd692c-18b2-4ae9-b5af-5aa0cb9f7375,bfc09974-5d71-6d70-ae8e-d8cd6db4bb49,5,true
90e09377-3502-4de9-af88-30294578091d,50701373-f8fd-1137-9438-20ac0ae5be39,5,true
64a4f01f-6b1c-4945-9464-3b25f07e590d,333d895e-2331-f6dc-afd8-96d83b378aa3,5,true
1202f7e5-2330-4c5f-a7f9-95da3566b08d,599d0cc3-7949-57a6-7e4b-d842827283d7,5,true
59c3a2f7-ac6b-446b-a5db-98b7876f750e,0096e6fb-057f-fdee-b5ee-b1af485b3985,5,true
97f53a89-1d25-4493-b760-e57d01e02904,ca3c0e7a-044e-461f-be73-46e8f511a82a,5,TRUE
79b2e085-4ec2-4ef8-a978-92ccadc277b0,1543e641-1efe-4ce9-b893-4723b0fe680a,5,TRUE
bd80bd41-a711-4005-9cce-3b69db0b1831,500EEEE0-7508-869E-E2ED-22B6F040026D,5,TRUE
ad52c852-6da8-4a6d-871f-953d0d0310ff,022E7DFA-2E90-C91D-C6A5-35D45572D1BD,5,false
a775bae0-737e-4228-afe9-42a0cfe237de,40C4FCB2-B866-87DA-908D-0FF74C2C74B5,5,true
